Font,URL,Weight,Courner Rounding,Serif,Dynamics ,Width,Capitals,Descriptors,
rayman 2,https://www.dafont.com/rayman-2.font,black,rounded,serif,dynamic,extended,all caps,chinese restaurant asian ,
Apasih,https://www.dafont.com/apasih.font,regular,rounded,sans serif,static,regular,mixed caps,glossy sheen detailed ,
blueto,https://www.dafont.com/blueto.font,thin,square,sans serif,static,regular,all caps,handwritten angular,
destink warp,https://www.dafont.com/destink-warp.font,black,square,sans serif,dynamic,extended,all caps,bouncing,
kaph,https://www.dafont.com/kaph.font,black,rounded,sans serif,static,extended,all caps,thick,
jaya baru,https://www.dafont.com/jaya-baru.font,regular,square,sans serif,dynamic,regular,all caps,rainforest,
space crusaders,https://www.dafont.com/space-crusaders.font,black,square,sans serif,dynamic,extended,all caps,sci-fi space ,
pamit,https://www.dafont.com/pamit.font,regular,square,sans serif,dynamic,regular,mixed caps,titled,
hanstoc script,https://www.dafont.com/hanstoc-script.font,black,rounded,sans serif,maximum dynamic,regular,mixed caps,fancy classic,
pak kumis,https://www.dafont.com/pak-kumis.font,thin,square,sans serif,static,condensed,mixed caps,exotic vacation,
om botak,https://www.dafont.com/om-botak.font,black,rounded,sans serfif,static,regular,mixed caps,soft,
pulang,https://www.dafont.com/pulang.font,regular,rounded,sans serfif ,dynamic,regular,mixed caps,exotic,
stop bullying,https://www.dafont.com/stop-bullying.font,black,rounded,sans serif,dynamic,regular,mixed caps,childlike school,
like snow,https://www.dafont.com/like-snow.font,black,rounded,sans serif,dynamic,extended,mixed caps,winter holiday,
bodo amat,https://www.dafont.com/bodo-amat.font,regular,rounded ,sans serif,static,regular,mixed caps,childlike,
Hey Haters,https://www.dafont.com/hey-haters.font,black,rounded,sans serif,dynamic,extended,all caps,unbalanced,
LT woodchuck,https://www.dafont.com/lt-woodchuck.font,regular,sharp,sans serif,static,extended,all caps,carved nature,
retro gaming,https://www.dafont.com/retrogaming.font,black,sharp,sans serif,dynamic,extended,small caps,retro,
terav,https://www.dafont.com/terav.font,black,sharp,sans serif,dynamic,extended,mixed caps,triangular,
child scribble,https://www.dafont.com/childscribble.font,regular,square,sans serif,dynamic,regular,mixed caps,outlined,
tabby display,https://www.dafont.com/tabby-display.font,black,square,sans serif,dynamic,regular,mixed caps,horizontal detailed,
the alphabet,https://www.dafont.com/the-alphabet.font,black,square,serif,dynamic,extended,all caps,pipes,
no virus,https://www.dafont.com/no-virus.font,regular,rounded,sans serif,dynamic,regular,mixed caps,grass,
a anggota,https://www.dafont.com/a-anggota.font,regular,square,sans serif,dynamic,regular,mixed caps,strokes,
abstract groovy,https://www.dafont.com/a-abstract-groovy.font,black,rounded,serif,dynamic,extended,all caps,groovy hippie seventies,
alphakind,https://www.dafont.com/alphakind.font,black,square,sans serif,static,extended,all caps,blocky,
lt crafted,https://www.dafont.com/lt-crafted.font,regular,rounded,sans serif,dynamic,regular,mixed caps,elementary,
keep on truckin,https://www.dafont.com/keep-on-truckin-fw.font,black,rounded,serif,dynamic,regular,mixed caps,groovy seventies,
sugare,https://www.dafont.com/sugare.font,thin,square,sans serif,dynamic,regular,mixed caps,cursive,
seductive height,https://www.dafont.com/seductive-height.font,thin,square,sans serif,static,condensed,all caps,tall modern fancy,
roller,https://www.dafont.com/roller.font,black,rounded,sans serif,static,extended,all caps,bulbous volume,
coconut house,https://www.dafont.com/coconut-house.font,black,square,sans serif,static,regular,all caps,carved tropical vacation,
comic shark,https://www.dafont.com/comic-shark.font,regular,sharp,sans serif,static,regular,all caps,slanted comic childlike cartoon,
rocket mission,https://www.dafont.com/rocket-mission.font,regular,square,sans serif,dynamic,regular,mixed case,sixties retro diner,
who asks satan,https://www.dafont.com/who-asks-satan.font,black,sharp,sans serif,dynamic,regular,all caps,horror fear scary ,
help me,https://www.dafont.com/help-me.font,regular,sharp,sans serif,dynamic,regular,all caps,horror survival panic,
nightside,https://www.dafont.com/nightside.font,thin,square,serif,static,condensed,all caps,tall scary graveyard,
sakura town,https://www.dafont.com/sakura-town.font,black,square,serif,dynamic,extended,small caps,japanese asian restaurant,
ds digital,https://www.dafont.com/ds-digital.font,regular,rounded,sans serif,static,regular,all caps,clock digital technology,
gameplay,https://www.dafont.com/gameplay.font,black,square,sans serif,static,regular,all caps,technology game pixel,
kemco pixel,https://www.dafont.com/kemco-pixel.font,black,square,sans serif,static,extended,all caps,pixel technology screen,
digital play,https://www.dafont.com/digital-play-st.font,regular,rounded,sans serif,static,regular,all caps,alarm clock digital technology,
invasion 2000,https://www.dafont.com/invasion2000.font,black,square,sans serif,static,extended,mixed case,pixel game gamer,
seagram,https://www.dafont.com/seagram-tfb.font,black,rounded,serif,dynamic,regular,mixed case,old fancy treasure medeival,
enchanted land,https://www.dafont.com/enchanted-land.font,black,rounded,serif,dynamic,regular,mixed case,old medeival fairytale,
deutsch gothic,https://www.dafont.com/deutsch-gothic.font,black,rounded,serif,dynamic,regular,mixed case,od medeival bar germanic,
king arthur,https://www.dafont.com/king-arthur-legend.font,black,sharp,serif,dynamic,regular,mixed case,old medeival storybook fairytale,
fette national franktur,https://www.dafont.com/fette-national-fraktur.font,black,rounded,serif,dynamic,extended,mixed case,old medeival newspaper germanic,
vogue,https://www.dafont.com/vogue.font,thin,sharp,serif,static,regular,all caps,metropolitan tall luxurious fancy modern,
new york,https://www.dafont.com/newyork.font,thin,sharp,serif,static,regular,mixed case,luxurious fancy modern metropolitan,
ricordi nobili,https://www.dafont.com/tt-ricordi-nobili.font,thin,sharp,serif,static,regular,all caps,metropolitan luxurious fashion,
edition,https://www.dafont.com/edition.font,thin,sharp,seriif,static,condensed,all caps,tall skinny luxurious,
brocades,https://www.dafont.com/brocades-sans.font,black,rounded,sans serif,static,extended,all caps,scuffed army dirty,
military poster,https://www.dafont.com/military-poster.font,black,square,sans serif,static,regular,all caps,stencil army military,
steiner,https://www.dafont.com/steiner2.font,black,square,sans serif,static,extended,all caps,technology army stencil,
octin prison,https://www.dafont.com/octin-prison-free.font,regular,square,serif,static,extended,all caps,police army stencil military,
punishment,https://www.dafont.com/punishment.font,regular,square,sans serif,static,extended,all caps,scuffed stencil dirty brutal,
northern army,https://www.dafont.com/northern-army.font,black,square,serif,static,extended,all caps,stencil army technology,
bodoini fragile,https://www.dafont.com/bodoni-fragile.font,black,sharp,serif,static,regular,mixed case,stencil fancy metropolitan,
hard fox,https://www.dafont.com/hard-fox.font,black,rounded,sans serif,static,regular,all caps,handwritten stencil,
le architect,https://www.dafont.com/learchitect.font,black,square,serif,static,extended,all caps,modern stencil fancy metropolitan,
wood cutter army,https://www.dafont.com/woodcutter-army-stencil.font,black,square,sans serif,static,extended,mixed case,cartoon fun childlike stencil,
verve,https://www.dafont.com/verve.font,black,square,serif,dynamic,extended,mixed caps,funky groovy hippie,
modern prestige,https://www.dafont.com/modern-prestige.font,regular,sharp,serif,maximum dynamic,extended,mixed caps,slanted fancy big serifs luxurious,
rundeck,https://www.dafont.com/rundeck.font,black,rounded,serif,static,extended,mixed case,funky seventies dirty classic,
riesling,https://www.dafont.com/riesling.font,thin,sharp,serif,static,regular,mixed case,fancy big serifs modern,
college,https://www.dafont.com/college.font,black,square,serif,static,regular,mixed caps,academic old school college varsity sports,
jersey m54,https://www.dafont.com/jersey-m54.font,black,square,sans serif,static,regular,all caps,sports college old school varsity jersey athletic,
wanted,https://www.dafont.com/wanted-m54.font,black,square,serif,static,regular,all caps,old school western high noon bounty,
ohio collegiate,https://www.dafont.com/ohio-collegiate.font,black,square,sans serif,static,condensed,all caps,sports old school college jersey varsity,
ifc hardball,https://www.dafont.com/i-f-c-hardball.font,black,square,serif,static,extended,mixed caps,old school baseball varsity sports jersey,
typewriter,https://www.dafont.com/jmh-typewriter.font,thin,square,serif,static,regular,mixed case,printed typewriter newspaper letter,
old newspaper types,https://www.dafont.com/oldnewspapertypes.font,regular,rounded,serif,static,regular,mixed case,printed newspaper newsletter letter,
nixie one,https://www.dafont.com/nixie-one.font,thin,sharp,serif,static,extended,mixed case,typewriter modern fancy,
a art paper,https://www.dafont.com/a-art-paper.font,black,sharp,sans serif,static,extended,all caps,layered paper,
krunch,https://www.dafont.com/krunch-2.font,black,square,sans serif,static,regular,all caps,straight lines,
mario party hudson,https://www.dafont.com/mario-party-hudson.font,regular,square,sans serif,static,regular,mixed caps,straight lines,
widound,https://www.dafont.com/widound.font,regular,rounded,sans serif,static,regular,all caps,marker strokes,
brandon bromley,https://www.dafont.com/brandon-bromley.font,regular,rounded,sans serif,dynamic,regular,mixed caps,cursive,
mitica,https://www.dafont.com/mitica.font,regular,square,serif,dynamic,extended,mixed caps,"wide horizontal, skinny vertical",
ducky,https://www.dafont.com/ducky-2.font,black,rounded,sans serif,static,regular,mixed caps,smooth,
loded diper,https://www.dafont.com/loded-diper.font,regular,rounded,sans serif,dynamic,regular,mixed caps,roderick rules,
bocah,https://www.dafont.com/bocah-2.font,thin,square,sans serif,dynamic,regular,mixed caps,"tilted, childlike",
gamejot,https://www.dafont.com/gamejot.font,regular,rounded,sans serif,dynamic,regular,mixed caps,widens upwards,
nathaniel 19,https://www.dafont.com/nathaniel-19.font,regular,square,sans serif,static,regular,mixed caps,plain bent,
reshuffle sans,https://www.dafont.com/reshuffle-sans.font,thin,rounded,sans serif,dynamic,condensed,all caps,thin extremities,
handgoal,https://www.dafont.com/handgoal.font,regular,rounded,sans serif,static,extended,all caps,simple,
virus killer,https://www.dafont.com/virus-killer.font,regular,square,sans serif,dynamic,regular,all caps,slanted,
jreeng,https://www.dafont.com/jreeng.font,regular,rounded,sans serif,dynamic,regular,mixed caps,juicy,
blitz,https://www.dafont.com/blitz-2.font,black,square,sans serif,static,extended,all caps,volume,
knobber,https://www.dafont.com/knobber.font,black,square,sans serif,static,regular,all caps,tilted vertical,
asteristico,https://www.dafont.com/asteristico.font,thin,rounded,sans serif,dynmaic,regular,all caps,tilted,
bad comic,https://www.dafont.com/bad-comic.font,thin,rounded,sans serif,static,regular,mixed caps,comic simple,
meonk plans,https://www.dafont.com/meonk-plans.font,black,rounded,sans serif,static,regular,all caps,chonk,
onion rocks,https://www.dafont.com/onion-rocks.font,black,rounded,sans serif,dynamic,regular,all caps,get out of my font!,
espen comics,https://www.dafont.com/espen-comics.font,regular,rounded,sans serif,dynamic,extended,all caps,overlap stroke,
badaga,https://www.dafont.com/badaga.font,regular,suqare,sans serif,static,regular,mixed caps,big hole,
a anti corona,https://www.dafont.com/a-anti-corona.font,regular,rounded,sans serif,static,regular,mixed caps,balanced,
no nazis,https://www.dafont.com/no-nazis.font,regular,rounded,sans serif,dynamic,regular,all caps,scrawled,
rusak,https://www.dafont.com/rusak.font,thin,rounded,sans serif,dynamic,regular,all caps,tappered,
ninjos,https://www.dafont.com/ninjos.font,black,rounded,sans serif,dynamic,regular,all caps,shuriken cutout,
mulled wine season,https://www.dafont.com/mulled-wine-season.font,regular,rounded,sans serif,dynamic,regular,mixed caps,suburban mom,
scholar e,https://www.dafont.com/scholar-e.font,thin,square,sans serif,static,regular,all caps,school house,
wash your hand,https://www.dafont.com/wash-your-hand.font,black,rounded,sans serif,dynamic,extended,mixed caps,bubbly water,
carista,https://www.dafont.com/carista.font,regular,rounded,sans serif,dynamic,condensed,mixed caps,crammed,
hd doodle,https://www.dafont.com/hd-doodle.font,thin,rounded,sans serif,static,regular,all caps,pen stroke,
komikula,https://www.dafont.com/komikula.font,thin,rounded,sans serif,dynamic,regular,all caps,dotted ends,
Dr Marz,https://www.dafont.com/dr-marz.font,regular,rounded,sans serif,dynamic,regular,mixed caps,hand script,
comic helvetic,https://www.dafont.com/comic-helvetic.font,regular,rounded,sans serif,static,regular,mixed caps,basic,
Brantone,https://www.dafont.com/brantone.font,regular,rounded,sans serif,static,regular,mixed caps,simple childlike smooth comic,
Monicacomic,https://www.dafont.com/monicacomic.font,regular,rounded,sans serif,static,regular,all caps,comic childlike simple,
Funiko,https://www.dafont.com/funiko.font,regular,rounded,sans serif,static,regular,mixed caps,artsy comic,
Ardies,https://www.dafont.com/ardies.font,black,rounded,sans serif,static,regular,mixed caps,simple comic,
The Dood,https://www.dafont.com/thedood.font,black,rounded,sans serif,static,regular,all caps,bold expressive,
Bronkos,https://www.dafont.com/bronkos.font,black,rounded,sans serif,dynamic,regular,mixed caps,bold comic ninja,
Polsyh,https://www.dafont.com/polsyh.font,black,rounded,sans serif,static,regular,mixed caps,comic,
Mie Aceh,https://www.dafont.com/mie-aceh.font,black,rounded,sans serif,static,regular,all caps,bold comic   ,
Chekhadra,https://www.dafont.com/chekharda.font,black,square,sans serif,static,regular,mixed caps,simple comic ,
Comica,https://www.dafont.com/comica.font,regular,rounded,sans serif,dynamic,regular,mixed caps,comic light,
Melon Hunter,https://www.dafont.com/melon-hunter.font,thin,square,sans serif,static,regular,mixed caps,comic light ,
Bakso Sapi,https://www.dafont.com/bakso-sapi.font,black,rounded,sans serif,static,extended,all caps,comic school,
Topuz,https://www.dafont.com/topuz.font,regular,rounded,sans serif,dynamic,regular,all caps,hazy slanted,
Mandrake FF,https://www.dafont.com/mandrake-ff.font,regular,rounded,sans serif,static,regular,all caps,comic school childlike,
Comix Pro 2,https://www.dafont.com/comix-pro-2.font,regular,rounded,sans serif,static,regular,mixed caps,cartoon childlike,
Spork,https://www.dafont.com/spork.font,regular,rounded,sans serif,static,regular,mixed caps,childlike,
Olives,https://www.dafont.com/olives.font,regular,rounded,sans serif,static,regular,mixed caps,alien comic,
Olives san Pimiento,https://www.dafont.com/olivessanspimiento.font,regular,rounded ,sans serif,static ,regular ,mixed caps,childlike school,
Canted FX,https://www.dafont.com/canted-fx.font,black,square,sans serif,static,extended,all caps ,comic action effects,
Canted Comic,https://www.dafont.com/canted-comic.font,regular,rounded,sans serif,static,regular ,all caps,comic ,
Gorski,https://www.dafont.com/gorski.font,regular,rounded,sans serif ,static,regular ,all caps,comic hazy slanted ,
Loosey Sans,https://www.dafont.com/loosey-sans.font,black,rouned,sans serif,static,condensed,mixed caps,comic bold ,
Suburbana,https://www.dafont.com/suburbana.font,black,square,sans serif,dynamic,condensed,all caps,comic videogame brazillian,
Bonoco,https://www.dafont.com/bonoco.font,black,square,sans serif,static,condensed,all caps,comic brazillian ,
Halfway  ,https://www.dafont.com/halfway.font,regular,rounded,sans serif,static,regular ,all caps ,simple comic ,
SnapHand,https://www.dafont.com/snaphand.font,black,rounded,sans serif,static,condensed,mixed caps,childlike school,
Byron RecCon,https://www.dafont.com/byronreccon.font,black,rounded,sans serif,static,regular,mixed caps ,childlike school,
Quick As A Bunny,https://www.dafont.com/quickasabunny.font,black,square,sans serif,static,regular,mixed caps,jagged rough childlike,
GSM,https://www.dafont.com/gsmfont.font,regular,rounded,sans serif,static,regular,all caps,childlike simple,
Cardigan Tilting,https://www.dafont.com/cardigan-titling.font,regular,square,sans serif,static,regular,all caps,simple comic ,
Palamecia Tilting,https://www.dafont.com/palamecia-titling.font,black,rounded,sans serif,static,regular,all caps,cartoon bold ,
Extended Play,https://www.dafont.com/extended-play.font,black,square,sans serif,static,regular,all caps,digital cartoon comic,
JWerd,https://www.dafont.com/jwerd.font,regular,rounded,sans serif,static,regular,mixed caps ,childlike,
Homer Simpson,https://www.dafont.com/homer-simpson.font,regular,rounded,sans serif,static,regular ,mixed caps,childlike cartoon ,
Gargle,https://www.dafont.com/gargle.font,regular,rounded,sans serif,static,regular,mixed caps,light newspaper comic,
Anime Inept,https://www.dafont.com/anime-inept.font,regular,rounded,sans serif,static,regular ,mixed caps,comic anime ,
CreatiCredad,https://www.dafont.com/creaticredad.font,regular,rounded,sans serif,dynamic,regular,mixed caps,childlike cartoon ,
Laizzier Comic Font,https://www.dafont.com/laizziercomic.font,regular,rounded,sans serif,dynamic ,regular,mixed caps,childlike comic,
BubbleDub,https://www.dafont.com/bubbledub.font,regular,rounded,sans serif,static,regular,mixed caps,bubbly childlike,
The Kids Mraker,https://www.dafont.com/the-kids-mraker.font,regular,rounded,sans serif,static,regular,all caps,childlike,
I Learn From Wall,https://www.dafont.com/i-learn-from-wall.font,regular,square,sans serif,dynamic,regular,all caps,jagged rough  ,
Indernik Charcoal,https://www.dafont.com/indernik-charcoal.font,regular,rounded,serif,static,regular,all caps,cowboy comic western,
Woodcutter Simple Font,https://www.dafont.com/woodcutter-simple-font.font,regular,rounded,sans serif,static,regular,mixed caps,outdoors childlike,
Wolfganger,https://www.dafont.com/wolfganger.font,black,rounded,sans serif,static,condensed,all caps,childlike fun party,
HelvetiHand,https://www.dafont.com/helvetihand.font,thin,rounded,sans serif,static,regular,mixed caps,childlike cartoon comic,
Kimmun,https://www.dafont.com/kimmun.font,regular,square,sans serif,static,regular,all caps,bold cartoon,
On the move,https://www.dafont.com/onthemove.font,regular,square,sans serif,static,regular,mixed caps,shaky childlike,
Wetin Caro Want,https://www.dafont.com/wetincarowant.font,black,rounded,sans serif,dynamic,condensed,mixed caps,bold childlike,
Rondouillard,https://www.dafont.com/rondouillard.font,regular,rounded,sans serif,static,regular,mixed caps,childlike simple ,
B Prahara TH,https://www.dafont.com/b-prahara-th.font,black,rounded,sans serif,static,regular,all caps,bold,
000 Insomniac Comic Dialogue,https://www.dafont.com/000-insomniac-comic-dialogue.font,regular,ronded,sans serif,static,regular ,all caps,digital bold simple cartoon,
Razing,https://www.dafont.com/razing.font,regular,square,sans serif,static,condensed,all caps,digital simple cartoon comic,
Aaron Sans,https://www.dafont.com/aaron-sans.font,regular,rounded,sans serif,dynamic,regular,mixed caps,childlike wobbly ,
DCC Scisor ,https://www.dafont.com/dcc-scisor.font,black,square,sans serif,dynamic,regular,mixed caps,jagged comic sharp cartoon,
MB Block Type,https://www.dafont.com/mbblocktype.font,regular,rounded,sans serif,static,regular,mixed caps,blocky digital ,
Koshari,https://www.dafont.com/koshari.font,black,rounded,sans serif,dynamic,regular,mixed caps ,childlike inky,
Foie Canape,https://www.dafont.com/foiecanape.font,regular,rounded,sans serif,static,regular,all caps,cartoon comic,
Ambambo,https://www.dafont.com/ambambo.font,black,rounded,sans serif,dynamic,regular,all caps,bold comic,
DCC Dreamer,https://www.dafont.com/dcc-dreamer.font,black,square,sans serif,static,regular,mixed caps,ninja comic ,
Random,https://www.dafont.com/random.font,regular,rounded,sans serif,static,regular,all caps,childlike comic,
Ukulele,https://www.dafont.com/ukulele2.font,regular,rounded,sans serif,static,regular,all caps,hawaii comic,
Armfight,https://www.dafont.com/armfight.font,regular,square,sans serif,static,regular,all caps,comic cartoon ,
DCC Anatolia Strong,https://www.dafont.com/dcc-anatolia-strong.font,black,square,sans serif,dynamic ,regular ,all caps ,cartoon comic ,
DCC Anatolia Classic,https://www.dafont.com/dcc-anatolia-classic.font,regular,square ,sans serif,dynamic ,regular ,all caps,cartoon comic,
Si Kancil,https://www.dafont.com/si-kancil.font,regular,square,sans serif,static,regular ,mixed caps,childlike book cartoon ,
Futura Handwritten,https://www.dafont.com/futurahandwritten.font,thin,rounded,sans serif,static,regular,mixed caps,childlike book simple ,
Edson COmics,https://www.dafont.com/edson-comics-bold.font,regular,rounded,sans serif,static,regular ,all caps,comic bold ,
Smack Typographik,https://www.dafont.com/smack-typographik.font,black,square,sans serif,static,regular ,all caps,cartoon bold ,
Comic Note Smooth,https://www.dafont.com/comic-note-smooth.font,black,square,sans serif,static ,regular,all caps ,smooth bold comic,
Comic Note Raw,https://www.dafont.com/comic-note.font,black,square ,sans serif,static ,regular ,all caps ,bold comic jagged,
Kaiju Monster G,https://www.dafont.com/kaiju-monster-g.font,black,square,sans serif,static ,regular ,all caps ,comic cartoon bold,
Tahtelbahir komik,https://www.dafont.com/tahtelbahir-komik.font,black,round,sans serif,static ,regular ,all caps ,cartoon comic bold ,
Simallos,https://www.dafont.com/simallos.font,thin,round,sans serif,dynamic,regular ,mixed caps,cartoon comic ,
Short Stack,https://www.dafont.com/short-stack.font,regular,round,sans serif,static,regular ,mixed caps,childlike,
Danger Diabolik,https://www.dafont.com/danger-diabolik.font,regular,square,sans serif,static,regular ,all caps,ninja sharp ,
Stanberry,https://www.dafont.com/stanberry.font,regular,round,sans serif,static,regular,mixed caps,childlike storybook ,
akira,https://www.dafont.com/akira-expanded.font,black,sharp,sans serif,static,extended,all caps,big thick modern strong,
roboto,https://www.dafont.com/roboto.font,thin,square,sans serif,static,regular,mixed caps,robot modern android,
nexa,https://www.dafont.com/nexa.font,regular,square,sans serif,static,regular,mixed caps,hard bold suitable,
caviar dreams,https://www.dafont.com/caviar-dreams.font,thin,square,sans serif,static,regular,mixed caps,fancy stiff slanted,
backwards sans,https://www.dafont.com/tt-backwards-sans.font,regular,square,sans serif,static,regular,mixed caps,boring newspaper sad,
louis george cafe,https://www.dafont.com/louis-george-caf.font,thin,square,sans serif,static,regular,mixed caps,pretentious snobby bland,
designer,https://www.dafont.com/designer-2.font,black,round,sans serif,dynamic,regular,all caps,bold basic boring shoes,
couture,https://www.dafont.com/couture.font,regular,square,sans serif,static,regular,all caps,realism art fake,
azonix,https://www.dafont.com/azonix.font,regular,sharp,sans serif,dynamic,extended,all caps,bold geometric pointy efficieny,
brantone,https://www.dafont.com/brantone.font,regular,rounded,sans serif,static,regular,mixed caps,school written bland free,
funiko,https://www.dafont.com/funiko.font,thin,rounded,sans serif,dynamic,regular,mixed caps,scribble curvy,
the dood,https://www.dafont.com/thedood.font,black,rounded,sans serif,static,extended,all caps,thick written imperfect unbalanced,
bronkos,https://www.dafont.com/bronkos.font,regular,rounded,sans serif,dynamic,regular,mixed caps,medival scribble cursive,
amateur comic,https://www.dafont.com/amateurcomic.font,regular,rounded,sans serif,static,regular,mixed caps,comic childlike simple uneven,
babiole,https://www.dafont.com/babiole.font,thin,rounded,sans serif,static,regular,mixed caps,baby stiff round tall,
dion,https://www.dafont.com/dion.font,regular,rounded,sans serif,static,regular,mixed caps,alternative nice written comic,
mucky sans,https://www.dafont.com/mucky-sans.font,black,rounded,sans serif,dynamic,extended,all caps,messy strokes bold aggressive,
burbin casual,https://www.dafont.com/burbin-casual-nc.font,regular,square,sans serif,static,regular,mixed caps,cartoon casual bland,
seagull wine,https://www.dafont.com/seagull-wine.font,regular,rounded,sans serif,dynamic,extended,all caps,comic ocean big,
komika parch,https://www.dafont.com/komika-parch.font,black,rounded,sans serif,dynamic,extended,all caps,old eaten battered,
komika boo,https://www.dafont.com/komika-boo.font,regular,rounded,sans serif,maximum dynamic,regular,all caps,spooky wavy ghostlike,
smile comix,https://www.dafont.com/smilecomix.font,regular,rounded,sans serif,dynamic,regular,mixed caps,comic sketched slanted,
coyotris comic,https://www.dafont.com/coyotris-comic.font,thin,rounded,sans serif,static,regular,mixed caps,comic scrawled boring,
amazgoda,https://www.dafont.com/amazgoda.font,regular,rounded,sans serif,dynamic,extended,all caps,comic loud fast,
dunkirk,https://www.dafont.com/dunkirk.font,thin,rounded,sans serif,dynamic,regular,mixed caps,sparkly arched comic fresh,
mufferaw,https://www.dafont.com/mufferaw.font,regular,square,sans serif,dynamic,extended,all caps,charming uncomplicated comic,
alex toth,https://www.dafont.com/alex-toth.font,regular,rounded,,sans serif,extended,all caps,comic uneven rough,
single sleeve,https://www.dafont.com/single-sleeve.font,black,square,sans serif,static,regular,all caps,comic bold newspaper,START
sonic comics,https://www.dafont.com/sonic-comics.font,black,rounded,sans serif,static,regular,all caps,comic round bold,
indie komiks sketch,https://www.dafont.com/indie-komiks-sketch.font,black,rounded,sans serif,static,regular ,all caps,comic bold ,
,,,,,,,,,
,,,,,,,,,
,,,,,,,,,
,,,,,,,,,
,,,,,,,,,
,,,,,,,,,
,,,,,,,,,
,,,,,,,,,
,,,,,,,,,
,,,,,,,,,
,,,,,,,,,
,,,,,,,,,
,,,,,,,,,
,,,,,,,,,
,,,,,,,,,
,,,,,,,,,
,,,,,,,,,
,,,,,,,,,
,,,,,,,,,
,,,,,,,,,
,,,,,,,,,
,,,,,,,,,
,,,,,,,,,
,,,,,,,,,
,,,,,,,,,
,,,,,,,,,
,,,,,,,,,
,,,,,,,,,
,,,,,,,,,
,,,,,,,,,
,,,,,,,,,
,,,,,,,,,
,,,,,,,,,
,,,,,,,,,
,,,,,,,,,
,,,,,,,,,
,,,,,,,,,
,,,,,,,,,
,,,,,,,,,
,,,,,,,,,
,,,,,,,,,
,,,,,,,,,
,,,,,,,,,
,,,,,,,,,
,,,,,,,,,
,,,,,,,,,
,,,,,,,,,
,,,,,,,,,END