Font,URL,Weight,Courner Rounding,Serif,Dynamics,Width,Capitals,Descriptors,Link,Filename
rayman 2,https://www.dafont.com/rayman-2.font,black,rounded,serif,dynamic,extended,all caps,chinese restaurant asian ,https://dl.dafont.com/dl/?f=rayman_2,Rayman2-regular.ttf
Apasih,https://www.dafont.com/apasih.font,regular,rounded,sans serif,static,regular,mixed caps,glossy sheen detailed ,https://dl.dafont.com/dl/?f=apasih,Apasih.ttf
blueto,https://www.dafont.com/blueto.font,thin,square,sans serif,static,regular,all caps,handwritten angular,https://dl.dafont.com/dl/?f=blueto,Blueto.otf
kaph,https://www.dafont.com/kaph.font,black,rounded,sans serif,static,extended,all caps,thick,https://dl.dafont.com/dl/?f=kaph,Kaph-Regular.ttf
jaya baru,https://www.dafont.com/jaya-baru.font,regular,square,sans serif,dynamic,regular,all caps,rainforest,https://dl.dafont.com/dl/?f=jaya_baru,Jaya Baru.ttf
space crusaders,https://www.dafont.com/space-crusaders.font,black,square,sans serif,dynamic,extended,all caps,sci-fi space ,https://dl.dafont.com/dl/?f=space_crusaders,Space Crusaders.ttf
pamit,https://www.dafont.com/pamit.font,regular,square,sans serif,dynamic,regular,mixed caps,titled,https://dl.dafont.com/dl/?f=pamit,Pamit.ttf
pak kumis,https://www.dafont.com/pak-kumis.font,thin,square,sans serif,static,condensed,mixed caps,exotic vacation,https://dl.dafont.com/dl/?f=pak_kumis,Pak Kumis.ttf
om botak,https://www.dafont.com/om-botak.font,black,rounded,sans serfif,static,regular,mixed caps,soft,https://dl.dafont.com/dl/?f=om_botak,Om Botak.ttf
pulang,https://www.dafont.com/pulang.font,regular,rounded,sans serfif ,dynamic,regular,mixed caps,exotic,https://dl.dafont.com/dl/?f=pulang,Pulang.ttf
stop bullying,https://www.dafont.com/stop-bullying.font,black,rounded,sans serif,dynamic,regular,mixed caps,childlike school,https://dl.dafont.com/dl/?f=stop_bullying,Stop Bullying.ttf
like snow,https://www.dafont.com/like-snow.font,black,rounded,sans serif,dynamic,extended,mixed caps,winter holiday,https://dl.dafont.com/dl/?f=like_snow,Like Snow.ttf
bodo amat,https://www.dafont.com/bodo-amat.font,regular,rounded ,sans serif,static,regular,mixed caps,childlike,https://dl.dafont.com/dl/?f=bodo_amat,Bodo Amat.ttf
Hey Haters,https://www.dafont.com/hey-haters.font,black,rounded,sans serif,dynamic,extended,all caps,unbalanced,https://dl.dafont.com/dl/?f=hey_haters,Hey Haters.ttf
LT woodchuck,https://www.dafont.com/lt-woodchuck.font,regular,sharp,sans serif,static,extended,all caps,carved nature,https://dl.dafont.com/dl/?f=lt_woodchuck,LTWoodchuckRegular.ttf
retro gaming,https://www.dafont.com/retrogaming.font,black,sharp,sans serif,dynamic,extended,small caps,retro,https://dl.dafont.com/dl/?f=retrogaming,RetroGaming.ttf
no virus,https://www.dafont.com/no-virus.font,regular,rounded,sans serif,dynamic,regular,mixed caps,grass,https://dl.dafont.com/dl/?f=no_virus,No Virus.ttf
a anggota,https://www.dafont.com/a-anggota.font,regular,square,sans serif,dynamic,regular,mixed caps,strokes,https://dl.dafont.com/dl/?f=a_anggota,aAnggota.ttf
abstract groovy,https://www.dafont.com/a-abstract-groovy.font,black,rounded,serif,dynamic,extended,all caps,groovy hippie seventies,https://dl.dafont.com/dl/?f=a_abstract_groovy,aAbstractGroovy.ttf
alphakind,https://www.dafont.com/alphakind.font,black,square,sans serif,static,extended,all caps,blocky,https://dl.dafont.com/dl/?f=alphakind,Alphakind.ttf
lt crafted,https://www.dafont.com/lt-crafted.font,regular,rounded,sans serif,dynamic,regular,mixed caps,elementary,https://dl.dafont.com/dl/?f=lt_crafted,LT Crafted.otf
keep on truckin,https://www.dafont.com/keep-on-truckin-fw.font,black,rounded,serif,dynamic,regular,mixed caps,groovy seventies,https://dl.dafont.com/dl/?f=keep_on_truckin_fw,KeeponTruckin.ttf
seductive height,https://www.dafont.com/seductive-height.font,thin,square,sans serif,static,condensed,all caps,tall modern fancy,https://dl.dafont.com/dl/?f=seductive_height,Seductive Height (Demo).otf
roller,https://www.dafont.com/roller.font,black,rounded,sans serif,static,extended,all caps,bulbous volume,https://dl.dafont.com/dl/?f=roller,Roller.ttf
coconut house,https://www.dafont.com/coconut-house.font,black,square,sans serif,static,regular,all caps,carved tropical vacation,https://dl.dafont.com/dl/?f=coconut_house,Coconut House.ttf
comic shark,https://www.dafont.com/comic-shark.font,regular,sharp,sans serif,static,regular,all caps,slanted comic childlike cartoon,https://dl.dafont.com/dl/?f=comic_shark,Comic Shark.ttf
rocket mission,https://www.dafont.com/rocket-mission.font,regular,square,sans serif,dynamic,regular,mixed case,sixties retro diner,https://dl.dafont.com/dl/?f=rocket_mission,Rocket Mission.ttf
who asks satan,https://www.dafont.com/who-asks-satan.font,black,sharp,sans serif,dynamic,regular,all caps,horror fear scary ,https://dl.dafont.com/dl/?f=who_asks_satan,who asks satan.ttf
help me,https://www.dafont.com/help-me.font,regular,sharp,sans serif,dynamic,regular,all caps,horror survival panic,https://dl.dafont.com/dl/?f=help_me,HelpMe.ttf
sakura town,https://www.dafont.com/sakura-town.font,black,square,serif,dynamic,extended,small caps,japanese asian restaurant,https://dl.dafont.com/dl/?f=sakura_town,Sakura Town.otf
ds digital,https://www.dafont.com/ds-digital.font,regular,rounded,sans serif,static,regular,all caps,clock digital technology,https://dl.dafont.com/dl/?f=ds_digital,DS-DIGII.TTF
gameplay,https://www.dafont.com/gameplay.font,black,square,sans serif,static,regular,all caps,technology game pixel,https://dl.dafont.com/dl/?f=gameplay,Gameplay.ttf
kemco pixel,https://www.dafont.com/kemco-pixel.font,black,square,sans serif,static,extended,all caps,pixel technology screen,https://dl.dafont.com/dl/?f=kemco_pixel,Kemco Pixel Bold.ttf
digital play,https://www.dafont.com/digital-play-st.font,regular,rounded,sans serif,static,regular,all caps,alarm clock digital technology,https://dl.dafont.com/dl/?f=digital_play_st,Digital Play St.ttf
invasion 2000,https://www.dafont.com/invasion2000.font,black,square,sans serif,static,extended,mixed case,pixel game gamer,https://dl.dafont.com/dl/?f=invasion2000,INVASION2000.TTF
seagram,https://www.dafont.com/seagram-tfb.font,black,rounded,serif,dynamic,regular,mixed case,old fancy treasure medeival,https://dl.dafont.com/dl/?f=seagram_tfb,Seagram tfb.ttf
enchanted land,https://www.dafont.com/enchanted-land.font,black,rounded,serif,dynamic,regular,mixed case,old medeival fairytale,https://dl.dafont.com/dl/?f=enchanted_land,Enchanted Land.otf
deutsch gothic,https://www.dafont.com/deutsch-gothic.font,black,rounded,serif,dynamic,regular,mixed case,od medeival bar germanic,https://dl.dafont.com/dl/?f=deutsch_gothic,Deutsch.ttf
king arthur,https://www.dafont.com/king-arthur-legend.font,black,sharp,serif,dynamic,regular,mixed case,old medeival storybook fairytale,https://dl.dafont.com/dl/?f=king_arthur_legend,King Arthur Legend.ttf
fette national franktur,https://www.dafont.com/fette-national-fraktur.font,black,rounded,serif,dynamic,extended,mixed case,old medeival newspaper germanic,https://dl.dafont.com/dl/?f=fette_national_fraktur,FetteNationalFraktur.ttf
vogue,https://www.dafont.com/vogue.font,thin,sharp,serif,static,regular,all caps,metropolitan tall luxurious fancy modern,https://dl.dafont.com/dl/?f=vogue,Vogue.ttf
new york,https://www.dafont.com/newyork.font,thin,sharp,serif,static,regular,mixed case,luxurious fancy modern metropolitan,https://dl.dafont.com/dl/?f=newyork,NewYork PERSONAL USE.otf
ricordi nobili,https://www.dafont.com/tt-ricordi-nobili.font,thin,sharp,serif,static,regular,all caps,metropolitan luxurious fashion,https://dl.dafont.com/dl/?f=tt_ricordi_nobili,TT Ricordi Trial Nobili.ttf
edition,https://www.dafont.com/edition.font,thin,sharp,seriif,static,condensed,all caps,tall skinny luxurious,https://dl.dafont.com/dl/?f=edition,EDITION_.TTF
brocades,https://www.dafont.com/brocades-sans.font,black,rounded,sans serif,static,extended,all caps,scuffed army dirty,https://dl.dafont.com/dl/?f=brocades_sans,Brocades Sans.ttf
military poster,https://www.dafont.com/military-poster.font,black,square,sans serif,static,regular,all caps,stencil army military,https://dl.dafont.com/dl/?f=military_poster,Military Poster.ttf
steiner,https://www.dafont.com/steiner2.font,black,square,sans serif,static,extended,all caps,technology army stencil,https://dl.dafont.com/dl/?f=steiner2,Steiner.otf
octin prison,https://www.dafont.com/octin-prison-free.font,regular,square,serif,static,extended,all caps,police army stencil military,https://dl.dafont.com/dl/?f=octin_prison_free,octin prison rg.otf
punishment,https://www.dafont.com/punishment.font,regular,square,sans serif,static,extended,all caps,scuffed stencil dirty brutal,https://dl.dafont.com/dl/?f=punishment,Punishment.otf
northern army,https://www.dafont.com/northern-army.font,black,square,serif,static,extended,all caps,stencil army technology,https://dl.dafont.com/dl/?f=northern_army,northern army.otf
bodoini fragile,https://www.dafont.com/bodoni-fragile.font,black,sharp,serif,static,regular,mixed case,stencil fancy metropolitan,https://dl.dafont.com/dl/?f=bodoni_fragile,BodoniFragileSharp.otf
hard fox,https://www.dafont.com/hard-fox.font,black,rounded,sans serif,static,regular,all caps,handwritten stencil,https://dl.dafont.com/dl/?f=hard_fox,Hard Fox.ttf
le architect,https://www.dafont.com/learchitect.font,black,square,serif,static,extended,all caps,modern stencil fancy metropolitan,https://dl.dafont.com/dl/?f=learchitect,LeArchitect.ttf
wood cutter army,https://www.dafont.com/woodcutter-army-stencil.font,black,square,sans serif,static,extended,mixed case,cartoon fun childlike stencil,https://dl.dafont.com/dl/?f=woodcutter_army_stencil,WOODCUTTER ARMY (Stencil).ttf.ttf
verve,https://www.dafont.com/verve.font,black,square,serif,dynamic,extended,mixed caps,funky groovy hippie,https://dl.dafont.com/dl/?f=verve,Verve.ttf
modern prestige,https://www.dafont.com/modern-prestige.font,regular,sharp,serif,maximum dynamic,extended,mixed caps,slanted fancy big serifs luxurious,https://dl.dafont.com/dl/?f=modern_prestige,Modern Prestige DEMO.otf
rundeck,https://www.dafont.com/rundeck.font,black,rounded,serif,static,extended,mixed case,funky seventies dirty classic,https://dl.dafont.com/dl/?f=rundeck,Rundeck.ttf
riesling,https://www.dafont.com/riesling.font,thin,sharp,serif,static,regular,mixed case,fancy big serifs modern,https://dl.dafont.com/dl/?f=riesling,riesling.ttf
college,https://www.dafont.com/college.font,black,square,serif,static,regular,mixed caps,academic old school college varsity sports,https://dl.dafont.com/dl/?f=college,collegeb.ttf
jersey m54,https://www.dafont.com/jersey-m54.font,black,square,sans serif,static,regular,all caps,sports college old school varsity jersey athletic,https://dl.dafont.com/dl/?f=jersey_m54,Jersey M54.ttf
wanted,https://www.dafont.com/wanted-m54.font,black,square,serif,static,regular,all caps,old school western high noon bounty,https://dl.dafont.com/dl/?f=wanted_m54,Wanted M54.ttf
ohio collegiate,https://www.dafont.com/ohio-collegiate.font,black,square,sans serif,static,condensed,all caps,sports old school college jersey varsity,https://dl.dafont.com/dl/?f=ohio_collegiate,Ohio-Collegiate.ttf
typewriter,https://www.dafont.com/jmh-typewriter.font,thin,square,serif,static,regular,mixed case,printed typewriter newspaper letter,https://dl.dafont.com/dl/?f=jmh_typewriter,JMH Typewriter-Thin.ttf
old newspaper types,https://www.dafont.com/oldnewspapertypes.font,regular,rounded,serif,static,regular,mixed case,printed newspaper newsletter letter,https://dl.dafont.com/dl/?f=oldnewspapertypes,OldNewspaperTypes.ttf
nixie one,https://www.dafont.com/nixie-one.font,thin,sharp,serif,static,extended,mixed case,typewriter modern fancy,https://dl.dafont.com/dl/?f=nixie_one,NixieOne.ttf
a art paper,https://www.dafont.com/a-art-paper.font,black,sharp,sans serif,static,extended,all caps,layered paper,https://dl.dafont.com/dl/?f=a_art_paper,aArtPaper.ttf
krunch,https://www.dafont.com/krunch-2.font,black,square,sans serif,static,regular,all caps,straight lines,https://dl.dafont.com/dl/?f=krunch_2,krunch.ttf
mario party hudson,https://www.dafont.com/mario-party-hudson.font,regular,square,sans serif,static,regular,mixed caps,straight lines,https://dl.dafont.com/dl/?f=mario_party_hudson,Mario-Party-Hudson-Font.ttf
widound,https://www.dafont.com/widound.font,regular,rounded,sans serif,static,regular,all caps,marker strokes,https://dl.dafont.com/dl/?f=widound,Widound.otf
brandon bromley,https://www.dafont.com/brandon-bromley.font,regular,rounded,sans serif,dynamic,regular,mixed caps,cursive,https://dl.dafont.com/dl/?f=brandon_bromley,Brandon Bromley.ttf
mitica,https://www.dafont.com/mitica.font,regular,square,serif,dynamic,extended,mixed caps,"wide horizontal, skinny vertical",https://dl.dafont.com/dl/?f=mitica,MiTica.otf
ducky,https://www.dafont.com/ducky-2.font,black,rounded,sans serif,static,regular,mixed caps,smooth,https://dl.dafont.com/dl/?f=ducky_2,Ducky.otf
bocah,https://www.dafont.com/bocah-2.font,thin,square,sans serif,dynamic,regular,mixed caps,"tilted, childlike",https://dl.dafont.com/dl/?f=bocah_2,Bocah.ttf
nathaniel 19,https://www.dafont.com/nathaniel-19.font,regular,square,sans serif,static,regular,mixed caps,plain bent,https://dl.dafont.com/dl/?f=nathaniel_19,Nathaniel_19.otf
reshuffle sans,https://www.dafont.com/reshuffle-sans.font,thin,rounded,sans serif,dynamic,condensed,all caps,thin extremities,https://dl.dafont.com/dl/?f=reshuffle_sans,Reshuffle Sans.ttf
handgoal,https://www.dafont.com/handgoal.font,regular,rounded,sans serif,static,extended,all caps,simple,https://dl.dafont.com/dl/?f=handgoal,Handgoal.ttf
virus killer,https://www.dafont.com/virus-killer.font,regular,square,sans serif,dynamic,regular,all caps,slanted,https://dl.dafont.com/dl/?f=virus_killer,Virus Killer.ttf
jreeng,https://www.dafont.com/jreeng.font,regular,rounded,sans serif,dynamic,regular,mixed caps,juicy,https://dl.dafont.com/dl/?f=jreeng,Jreeng.ttf
blitz,https://www.dafont.com/blitz-2.font,black,square,sans serif,static,extended,all caps,volume,https://dl.dafont.com/dl/?f=blitz_2,Blitz.ttf
knobber,https://www.dafont.com/knobber.font,black,square,sans serif,static,regular,all caps,tilted vertical,https://dl.dafont.com/dl/?f=knobber,Knobber.ttf
asteristico,https://www.dafont.com/asteristico.font,thin,rounded,sans serif,dynmaic,regular,all caps,tilted,https://dl.dafont.com/dl/?f=asteristico,Asteristico.ttf
bad comic,https://www.dafont.com/bad-comic.font,thin,rounded,sans serif,static,regular,mixed caps,comic simple,https://dl.dafont.com/dl/?f=bad_comic,BadComic-Regular.ttf
onion rocks,https://www.dafont.com/onion-rocks.font,black,rounded,sans serif,dynamic,regular,all caps,get out of my font!,https://dl.dafont.com/dl/?f=onion_rocks,Onion Rocks.ttf
espen comics,https://www.dafont.com/espen-comics.font,regular,rounded,sans serif,dynamic,extended,all caps,overlap stroke,https://dl.dafont.com/dl/?f=espen_comics,EspenComics.ttf
badaga,https://www.dafont.com/badaga.font,regular,suqare,sans serif,static,regular,mixed caps,big hole,https://dl.dafont.com/dl/?f=badaga,badaga.ttf
a anti corona,https://www.dafont.com/a-anti-corona.font,regular,rounded,sans serif,static,regular,mixed caps,balanced,https://dl.dafont.com/dl/?f=a_anti_corona,aAntiCorona.ttf
rusak,https://www.dafont.com/rusak.font,thin,rounded,sans serif,dynamic,regular,all caps,tappered,https://dl.dafont.com/dl/?f=rusak,RUSAK.ttf
ninjos,https://www.dafont.com/ninjos.font,black,rounded,sans serif,dynamic,regular,all caps,shuriken cutout,https://dl.dafont.com/dl/?f=ninjos,Ninjos.ttf
mulled wine season,https://www.dafont.com/mulled-wine-season.font,regular,rounded,sans serif,dynamic,regular,mixed caps,suburban mom,https://dl.dafont.com/dl/?f=mulled_wine_season,MulledWineSeason-Medium.otf
scholar e,https://www.dafont.com/scholar-e.font,thin,square,sans serif,static,regular,all caps,school house,https://dl.dafont.com/dl/?f=scholar_e,ScholarE.ttf
wash your hand,https://www.dafont.com/wash-your-hand.font,black,rounded,sans serif,dynamic,extended,mixed caps,bubbly water,https://dl.dafont.com/dl/?f=wash_your_hand,Wash Your Hand.ttf
carista,https://www.dafont.com/carista.font,regular,rounded,sans serif,dynamic,condensed,mixed caps,crammed,https://dl.dafont.com/dl/?f=carista,Carista.ttf
komikula,https://www.dafont.com/komikula.font,thin,rounded,sans serif,dynamic,regular,all caps,dotted ends,https://dl.dafont.com/dl/?f=komikula,Komikula.ttf
Dr Marz,https://www.dafont.com/dr-marz.font,regular,rounded,sans serif,dynamic,regular,mixed caps,hand script,https://dl.dafont.com/dl/?f=dr_marz,Dr.Marz.otf
comic helvetic,https://www.dafont.com/comic-helvetic.font,regular,rounded,sans serif,static,regular,mixed caps,basic,https://dl.dafont.com/dl/?f=comic_helvetic,ComicHelvetic_Light.otf
Brantone,https://www.dafont.com/brantone.font,regular,rounded,sans serif,static,regular,mixed caps,simple childlike smooth comic,https://dl.dafont.com/dl/?f=brantone,Brantone.ttf
Monicacomic,https://www.dafont.com/monicacomic.font,regular,rounded,sans serif,static,regular,all caps,comic childlike simple,https://dl.dafont.com/dl/?f=monicacomic,Monicacomic.ttf
Funiko,https://www.dafont.com/funiko.font,regular,rounded,sans serif,static,regular,mixed caps,artsy comic,https://dl.dafont.com/dl/?f=funiko,Funiko.ttf
Ardies,https://www.dafont.com/ardies.font,black,rounded,sans serif,static,regular,mixed caps,simple comic,https://dl.dafont.com/dl/?f=ardies,Ardies.ttf
The Dood,https://www.dafont.com/thedood.font,black,rounded,sans serif,static,regular,all caps,bold expressive,https://dl.dafont.com/dl/?f=thedood,theDood-Regular.ttf
Polsyh,https://www.dafont.com/polsyh.font,black,rounded,sans serif,static,regular,mixed caps,comic,https://dl.dafont.com/dl/?f=polsyh,Polsyh.ttf
Mie Aceh,https://www.dafont.com/mie-aceh.font,black,rounded,sans serif,static,regular,all caps,bold comic   ,https://dl.dafont.com/dl/?f=mie_aceh,mieaceh.ttf
Chekhadra,https://www.dafont.com/chekharda.font,black,square,sans serif,static,regular,mixed caps,simple comic ,https://dl.dafont.com/dl/?f=chekharda,Chekharda-BoldItalic.ttf
Comica,https://www.dafont.com/comica.font,regular,rounded,sans serif,dynamic,regular,mixed caps,comic light,https://dl.dafont.com/dl/?f=comica,ComicaRegular.otf
Melon Hunter,https://www.dafont.com/melon-hunter.font,thin,square,sans serif,static,regular,mixed caps,comic light ,https://dl.dafont.com/dl/?f=melon_hunter,Melon hunter.ttf
Bakso Sapi,https://www.dafont.com/bakso-sapi.font,black,rounded,sans serif,static,extended,all caps,comic school,https://dl.dafont.com/dl/?f=bakso_sapi,BaksoSapi.otf
Topuz,https://www.dafont.com/topuz.font,regular,rounded,sans serif,dynamic,regular,all caps,hazy slanted,https://dl.dafont.com/dl/?f=topuz,Topuz.ttf
Mandrake FF,https://www.dafont.com/mandrake-ff.font,regular,rounded,sans serif,static,regular,all caps,comic school childlike,https://dl.dafont.com/dl/?f=mandrake_ff,Mandrake FF.otf
Comix Pro 2,https://www.dafont.com/comix-pro-2.font,regular,rounded,sans serif,static,regular,mixed caps,cartoon childlike,https://dl.dafont.com/dl/?f=comix_pro_2,comix-pro-2.ttf
Spork,https://www.dafont.com/spork.font,regular,rounded,sans serif,static,regular,mixed caps,childlike,https://dl.dafont.com/dl/?f=spork,Spork.ttf
Olives,https://www.dafont.com/olives.font,regular,rounded,sans serif,static,regular,mixed caps,alien comic,https://dl.dafont.com/dl/?f=olives,OlivesLight.ttf
Olives san Pimiento,https://www.dafont.com/olivessanspimiento.font,regular,rounded ,sans serif,static ,regular ,mixed caps,childlike school,https://dl.dafont.com/dl/?f=olivessanspimiento,OlivessansPimientoLight.ttf
Canted FX,https://www.dafont.com/canted-fx.font,black,square,sans serif,static,extended,all caps ,comic action effects,https://dl.dafont.com/dl/?f=canted_fx,CantedFX Bold.otf
Canted Comic,https://www.dafont.com/canted-comic.font,regular,rounded,sans serif,static,regular ,all caps,comic ,https://dl.dafont.com/dl/?f=canted_comic,CantedComic Regular.otf
Gorski,https://www.dafont.com/gorski.font,regular,rounded,sans serif ,static,regular ,all caps,comic hazy slanted ,https://dl.dafont.com/dl/?f=gorski,Gorski.ttf
Loosey Sans,https://www.dafont.com/loosey-sans.font,black,rouned,sans serif,static,condensed,mixed caps,comic bold ,https://dl.dafont.com/dl/?f=loosey_sans,Loosey Sans.otf
Suburbana,https://www.dafont.com/suburbana.font,black,square,sans serif,dynamic,condensed,all caps,comic videogame brazillian,https://dl.dafont.com/dl/?f=suburbana,Suburbana.ttf
Halfway  ,https://www.dafont.com/halfway.font,regular,rounded,sans serif,static,regular ,all caps ,simple comic ,https://dl.dafont.com/dl/?f=halfway,HALFWAY.ttf
SnapHand,https://www.dafont.com/snaphand.font,black,rounded,sans serif,static,condensed,mixed caps,childlike school,https://dl.dafont.com/dl/?f=snaphand,snaphand-v1-free.ttf
Byron RecCon,https://www.dafont.com/byronreccon.font,black,rounded,sans serif,static,regular,mixed caps ,childlike school,https://dl.dafont.com/dl/?f=byronreccon,ByronRecCon.ttf
Quick As A Bunny,https://www.dafont.com/quickasabunny.font,black,square,sans serif,static,regular,mixed caps,jagged rough childlike,https://dl.dafont.com/dl/?f=quickasabunny,QuickAsABunny.ttf
GSM,https://www.dafont.com/gsmfont.font,regular,rounded,sans serif,static,regular,all caps,childlike simple,https://dl.dafont.com/dl/?f=gsmfont,gsmfont.ttf
Cardigan Tilting,https://www.dafont.com/cardigan-titling.font,regular,square,sans serif,static,regular,all caps,simple comic ,https://dl.dafont.com/dl/?f=cardigan_titling,cardigan titling rg.otf
Palamecia Tilting,https://www.dafont.com/palamecia-titling.font,black,rounded,sans serif,static,regular,all caps,cartoon bold ,https://dl.dafont.com/dl/?f=palamecia_titling,Palamecia Titling.otf
Extended Play,https://www.dafont.com/extended-play.font,black,square,sans serif,static,regular,all caps,digital cartoon comic,https://dl.dafont.com/dl/?f=extended_play,exte.ttf
JWerd,https://www.dafont.com/jwerd.font,regular,rounded,sans serif,static,regular,mixed caps ,childlike,https://dl.dafont.com/dl/?f=jwerd,JWerd.ttf
Homer Simpson,https://www.dafont.com/homer-simpson.font,regular,rounded,sans serif,static,regular ,mixed caps,childlike cartoon ,https://dl.dafont.com/dl/?f=homer_simpson,Homer_Simpson_Revised.ttf
Gargle,https://www.dafont.com/gargle.font,regular,rounded,sans serif,static,regular,mixed caps,light newspaper comic,https://dl.dafont.com/dl/?f=gargle,gargle cd rg.otf
Anime Inept,https://www.dafont.com/anime-inept.font,regular,rounded,sans serif,static,regular ,mixed caps,comic anime ,https://dl.dafont.com/dl/?f=anime_inept,Anime Inept.otf
CreatiCredad,https://www.dafont.com/creaticredad.font,regular,rounded,sans serif,dynamic,regular,mixed caps,childlike cartoon ,https://dl.dafont.com/dl/?f=creaticredad,CreatiCredad.ttf
Laizzier Comic Font,https://www.dafont.com/laizziercomic.font,regular,rounded,sans serif,dynamic ,regular,mixed caps,childlike comic,https://dl.dafont.com/dl/?f=laizziercomic,LaIzzIerComiC.ttf
BubbleDub,https://www.dafont.com/bubbledub.font,regular,rounded,sans serif,static,regular,mixed caps,bubbly childlike,https://dl.dafont.com/dl/?f=bubbledub,BubbleDub.ttf
The Kids Mraker,https://www.dafont.com/the-kids-mraker.font,regular,rounded,sans serif,static,regular,all caps,childlike,https://dl.dafont.com/dl/?f=the_kids_mraker,The Kids Mraker.ttf
I Learn From Wall,https://www.dafont.com/i-learn-from-wall.font,regular,square,sans serif,dynamic,regular,all caps,jagged rough  ,https://dl.dafont.com/dl/?f=i_learn_from_wall,ILearnFromWall.otf
Indernik Charcoal,https://www.dafont.com/indernik-charcoal.font,regular,rounded,serif,static,regular,all caps,cowboy comic western,https://dl.dafont.com/dl/?f=indernik_charcoal,Indernik_Charcoal.ttf
Woodcutter Simple Font,https://www.dafont.com/woodcutter-simple-font.font,regular,rounded,sans serif,static,regular,mixed caps,outdoors childlike,https://dl.dafont.com/dl/?f=woodcutter_simple_font,WOODCUTTER simple font.ttf
Wolfganger,https://www.dafont.com/wolfganger.font,black,rounded,sans serif,static,condensed,all caps,childlike fun party,https://dl.dafont.com/dl/?f=wolfganger,Wolfganger.otf
HelvetiHand,https://www.dafont.com/helvetihand.font,thin,rounded,sans serif,static,regular,mixed caps,childlike cartoon comic,https://dl.dafont.com/dl/?f=helvetihand,HelvetiHand.ttf
Kimmun,https://www.dafont.com/kimmun.font,regular,square,sans serif,static,regular,all caps,bold cartoon,https://dl.dafont.com/dl/?f=kimmun,Kimmun.ttf
On the move,https://www.dafont.com/onthemove.font,regular,square,sans serif,static,regular,mixed caps,shaky childlike,https://dl.dafont.com/dl/?f=onthemove,onthemove.ttf
Wetin Caro Want,https://www.dafont.com/wetincarowant.font,black,rounded,sans serif,dynamic,condensed,mixed caps,bold childlike,https://dl.dafont.com/dl/?f=wetincarowant,WetinCaroWant.ttf
Rondouillard,https://www.dafont.com/rondouillard.font,regular,rounded,sans serif,static,regular,mixed caps,childlike simple ,https://dl.dafont.com/dl/?f=rondouillard,Rondouillard.otf
000 Insomniac Comic Dialogue,https://www.dafont.com/000-insomniac-comic-dialogue.font,regular,ronded,sans serif,static,regular ,all caps,digital bold simple cartoon,https://dl.dafont.com/dl/?f=000_insomniac_comic_dialogue,000 InsomniacOvrLrd Comic Dialogue.ttf
Razing,https://www.dafont.com/razing.font,regular,square,sans serif,static,condensed,all caps,digital simple cartoon comic,https://dl.dafont.com/dl/?f=razing,Razing.ttf
Aaron Sans,https://www.dafont.com/aaron-sans.font,regular,rounded,sans serif,dynamic,regular,mixed caps,childlike wobbly ,https://dl.dafont.com/dl/?f=aaron_sans,Aaron Sans.ttf
DCC Scisor ,https://www.dafont.com/dcc-scisor.font,black,square,sans serif,dynamic,regular,mixed caps,jagged comic sharp cartoon,https://dl.dafont.com/dl/?f=dcc_scisor,DCC - Scisor.otf
MB Block Type,https://www.dafont.com/mbblocktype.font,regular,rounded,sans serif,static,regular,mixed caps,blocky digital ,https://dl.dafont.com/dl/?f=mbblocktype,MBBlockType.ttf
Koshari,https://www.dafont.com/koshari.font,black,rounded,sans serif,dynamic,regular,mixed caps ,childlike inky,https://dl.dafont.com/dl/?f=koshari,Koshari.ttf
Foie Canape,https://www.dafont.com/foiecanape.font,regular,rounded,sans serif,static,regular,all caps,cartoon comic,https://dl.dafont.com/dl/?f=foiecanape,foiecanape.ttf
Ambambo,https://www.dafont.com/ambambo.font,black,rounded,sans serif,dynamic,regular,all caps,bold comic,https://dl.dafont.com/dl/?f=ambambo,Ambambo Regular.ttf
DCC Dreamer,https://www.dafont.com/dcc-dreamer.font,black,square,sans serif,static,regular,mixed caps,ninja comic ,https://dl.dafont.com/dl/?f=dcc_dreamer,DCC - Dreamer.otf
Ukulele,https://www.dafont.com/ukulele2.font,regular,rounded,sans serif,static,regular,all caps,hawaii comic,https://dl.dafont.com/dl/?f=ukulele2,ukulele.ttf
Armfight,https://www.dafont.com/armfight.font,regular,square,sans serif,static,regular,all caps,comic cartoon ,https://dl.dafont.com/dl/?f=armfight,armfight.ttf
DCC Anatolia Strong,https://www.dafont.com/dcc-anatolia-strong.font,black,square,sans serif,dynamic ,regular ,all caps ,cartoon comic ,https://dl.dafont.com/dl/?f=dcc_anatolia_strong,DCC - AnatoliaStrong.otf
DCC Anatolia Classic,https://www.dafont.com/dcc-anatolia-classic.font,regular,square ,sans serif,dynamic ,regular ,all caps,cartoon comic,https://dl.dafont.com/dl/?f=dcc_anatolia_classic,DCC - AnatoliaClasic.otf
Si Kancil,https://www.dafont.com/si-kancil.font,regular,square,sans serif,static,regular ,mixed caps,childlike book cartoon ,https://dl.dafont.com/dl/?f=si_kancil,Si Kancil.ttf
Futura Handwritten,https://www.dafont.com/futurahandwritten.font,thin,rounded,sans serif,static,regular,mixed caps,childlike book simple ,https://dl.dafont.com/dl/?f=futurahandwritten,FuturaHandwritten.ttf
Edson COmics,https://www.dafont.com/edson-comics-bold.font,regular,rounded,sans serif,static,regular ,all caps,comic bold ,https://dl.dafont.com/dl/?f=edson_comics_bold,Edson_Comics_Bold.ttf
Smack Typographik,https://www.dafont.com/smack-typographik.font,black,square,sans serif,static,regular ,all caps,cartoon bold ,https://dl.dafont.com/dl/?f=smack_typographik,smacktypographikregular.ttf
Comic Note Smooth,https://www.dafont.com/comic-note-smooth.font,black,square,sans serif,static ,regular,all caps ,smooth bold comic,https://dl.dafont.com/dl/?f=comic_note_smooth,ComicNoteSmooth.ttf
Comic Note Raw,https://www.dafont.com/comic-note.font,black,square ,sans serif,static ,regular ,all caps ,bold comic jagged,https://dl.dafont.com/dl/?f=comic_note,ComicNote.ttf
Kaiju Monster G,https://www.dafont.com/kaiju-monster-g.font,black,square,sans serif,static ,regular ,all caps ,comic cartoon bold,https://dl.dafont.com/dl/?f=kaiju_monster_g,gomarice_kaiju_monster.ttf
Tahtelbahir komik,https://www.dafont.com/tahtelbahir-komik.font,black,round,sans serif,static ,regular ,all caps ,cartoon comic bold ,https://dl.dafont.com/dl/?f=tahtelbahir_komik,Tahtelbahirkomik-Regular.ttf
Simallos,https://www.dafont.com/simallos.font,thin,round,sans serif,dynamic,regular ,mixed caps,cartoon comic ,https://dl.dafont.com/dl/?f=simallos,Simallos.ttf
Short Stack,https://www.dafont.com/short-stack.font,regular,round,sans serif,static,regular ,mixed caps,childlike,https://dl.dafont.com/dl/?f=short_stack,ShortStack-Regular.ttf
Danger Diabolik,https://www.dafont.com/danger-diabolik.font,regular,square,sans serif,static,regular ,all caps,ninja sharp ,https://dl.dafont.com/dl/?f=danger_diabolik,Danger Diabolik.ttf
Stanberry,https://www.dafont.com/stanberry.font,regular,round,sans serif,static,regular,mixed caps,childlike storybook ,https://dl.dafont.com/dl/?f=stanberry,Stanberry.ttf
akira,https://www.dafont.com/akira-expanded.font,black,sharp,sans serif,static,extended,all caps,big thick modern strong,https://dl.dafont.com/dl/?f=akira_expanded,Akira Expanded Demo.otf
roboto,https://www.dafont.com/roboto.font,thin,square,sans serif,static,regular,mixed caps,robot modern android,https://dl.dafont.com/dl/?f=roboto,Roboto-Thin.ttf
nexa,https://www.dafont.com/nexa.font,regular,square,sans serif,static,regular,mixed caps,hard bold suitable,https://dl.dafont.com/dl/?f=nexa,Nexa-ExtraLight.ttf
caviar dreams,https://www.dafont.com/caviar-dreams.font,thin,square,sans serif,static,regular,mixed caps,fancy stiff slanted,https://dl.dafont.com/dl/?f=caviar_dreams,CaviarDreams.ttf
backwards sans,https://www.dafont.com/tt-backwards-sans.font,regular,square,sans serif,static,regular,mixed caps,boring newspaper sad,https://dl.dafont.com/dl/?f=tt_backwards_sans,TT Backwards Sans Trial Thin.otf
louis george cafe,https://www.dafont.com/louis-george-caf.font,thin,square,sans serif,static,regular,mixed caps,pretentious snobby bland,https://dl.dafont.com/dl/?f=louis_george_caf,Louis George Cafe Light.ttf
designer,https://www.dafont.com/designer-2.font,black,round,sans serif,dynamic,regular,all caps,bold basic boring shoes,https://dl.dafont.com/dl/?f=designer_2,Designer.otf
couture,https://www.dafont.com/couture.font,regular,square,sans serif,static,regular,all caps,realism art fake,https://dl.dafont.com/dl/?f=couture,couture-bld.otf
azonix,https://www.dafont.com/azonix.font,regular,sharp,sans serif,dynamic,extended,all caps,bold geometric pointy efficieny,https://dl.dafont.com/dl/?f=azonix,Azonix.otf
brantone,https://www.dafont.com/brantone.font,regular,rounded,sans serif,static,regular,mixed caps,school written bland free,https://dl.dafont.com/dl/?f=brantone,Brantone.ttf
the dood,https://www.dafont.com/thedood.font,black,rounded,sans serif,static,extended,all caps,thick written imperfect unbalanced,https://dl.dafont.com/dl/?f=thedood,theDood-Regular.ttf
amateur comic,https://www.dafont.com/amateurcomic.font,regular,rounded,sans serif,static,regular,mixed caps,comic childlike simple uneven,https://dl.dafont.com/dl/?f=amateurcomic,AmateurComic.ttf
babiole,https://www.dafont.com/babiole.font,thin,rounded,sans serif,static,regular,mixed caps,baby stiff round tall,https://dl.dafont.com/dl/?f=babiole,BABIE___.TTF
dion,https://www.dafont.com/dion.font,regular,rounded,sans serif,static,regular,mixed caps,alternative nice written comic,https://dl.dafont.com/dl/?f=dion,Dion.otf
mucky sans,https://www.dafont.com/mucky-sans.font,black,rounded,sans serif,dynamic,extended,all caps,messy strokes bold aggressive,https://dl.dafont.com/dl/?f=mucky_sans,Mucky Sans.ttf
burbin casual,https://www.dafont.com/burbin-casual-nc.font,regular,square,sans serif,static,regular,mixed caps,cartoon casual bland,https://dl.dafont.com/dl/?f=burbin_casual_nc,Burbin Casual NC.ttf
seagull wine,https://www.dafont.com/seagull-wine.font,regular,rounded,sans serif,dynamic,extended,all caps,comic ocean big,https://dl.dafont.com/dl/?f=seagull_wine,Seagull_Wine.ttf
komika parch,https://www.dafont.com/komika-parch.font,black,rounded,sans serif,dynamic,extended,all caps,old eaten battered,https://dl.dafont.com/dl/?f=komika_parch,KOMIKAP_.ttf
komika boo,https://www.dafont.com/komika-boo.font,regular,rounded,sans serif,maximum dynamic,regular,all caps,spooky wavy ghostlike,https://dl.dafont.com/dl/?f=komika_boo,KOMIKAB_.ttf
smile comix,https://www.dafont.com/smilecomix.font,regular,rounded,sans serif,dynamic,regular,mixed caps,comic sketched slanted,https://dl.dafont.com/dl/?f=smilecomix,Smilecomix.ttf
coyotris comic,https://www.dafont.com/coyotris-comic.font,thin,rounded,sans serif,static,regular,mixed caps,comic scrawled boring,https://dl.dafont.com/dl/?f=coyotris_comic,Coyotris Comic.ttf
amazgoda,https://www.dafont.com/amazgoda.font,regular,rounded,sans serif,dynamic,extended,all caps,comic loud fast,https://dl.dafont.com/dl/?f=amazgoda,AmazGoDaBold.ttf
dunkirk,https://www.dafont.com/dunkirk.font,thin,rounded,sans serif,dynamic,regular,mixed caps,sparkly arched comic fresh,https://dl.dafont.com/dl/?f=dunkirk,Dunkirk.otf
mufferaw,https://www.dafont.com/mufferaw.font,regular,square,sans serif,dynamic,extended,all caps,charming uncomplicated comic,https://dl.dafont.com/dl/?f=mufferaw,mufferaw rg.otf
alex toth,https://www.dafont.com/alex-toth.font,regular,rounded,sans serif,dynamic,extended,all caps,comic uneven rough,https://dl.dafont.com/dl/?f=alex_toth,alex-toth.ttf
single sleeve,https://www.dafont.com/single-sleeve.font,black,square,sans serif,static,regular,all caps,comic bold newspaper,https://dl.dafont.com/dl/?f=single_sleeve,sing_14l.ttf
sonic comics,https://www.dafont.com/sonic-comics.font,black,rounded,sans serif,static,regular,all caps,comic round bold,https://dl.dafont.com/dl/?f=sonic_comics,sonic_comic.ttf
indie komiks sketch,https://www.dafont.com/indie-komiks-sketch.font,black,rounded,sans serif,static,regular ,all caps,comic bold ,https://dl.dafont.com/dl/?f=indie_komiks_sketch,INDIKSN_0.TTF
tostada,https://www.dafont.com/tostada.font,regular,sharp,sans serif,dynamic,extended,mixed caps,disjointed stencil crescent,https://dl.dafont.com/dl/?f=tostada,TOSTADA.ttf